"variable","r_squared"
"TxPauv",0.263187555640405
"HLM",0.0787710970833596
"Salairemoy",0.00127250579651971
"Ouvrier",0.00947762740094322
"Employe",0.193324218617682
"PI",0.00166650928755044
"Cadres",9.00516931520934e-05
"Artisant",0.000990555528084921
"Agri",0.101515605421043
"NonDiplome",0.087763087895138
"txcho",0.124346169281706
